timestamp,exchange,event_type,route,surface_perc,real_perc,net_perc,filled_fraction
2026-05-19T19:06:16.976,binance,gate_cross_up,"USDC_USDT,VANRY_USDT,VANRY_USDC",0.37955289,,,0.0195
2026-05-19T19:06:16.976,binance,gate_cross_up,"VANRY_TRY,USDC_TRY,VANRY_USDC",0.36589575,,,0.3211
2026-05-19T19:06:17.488,binance,gate_cross_down,"USDC_USDT,VANRY_USDT,VANRY_USDC",0.00000000,,,
2026-05-19T19:06:17.488,binance,gate_cross_down,"VANRY_TRY,USDC_TRY,VANRY_USDC",0.00000000,,,
2026-05-19T19:07:56.566,binance,gate_cross_up,"USDC_USDT,VANRY_USDT,VANRY_USDC",0.37955289,,,0.8567
2026-05-19T19:07:56.566,binance,gate_cross_up,"VANRY_TRY,USDC_TRY,VANRY_USDC",0.40987730,,,0.3210
2026-05-19T19:07:57.086,binance,gate_cross_down,"USDC_USDT,VANRY_USDT,VANRY_USDC",0.00000000,,,
2026-05-19T19:07:57.086,binance,gate_cross_down,"VANRY_TRY,USDC_TRY,VANRY_USDC",0.00000000,,,
2026-05-19T19:53:34.218,binance,gate_cross_up,"USDC_USDT,FOGO_USDT,FOGO_USDC",0.32136240,0.32136240,-0.07863760,
2026-05-19T19:53:34.268,binance,gate_cross_down,"USDC_USDT,FOGO_USDT,FOGO_USDC",0.00000000,,,
2026-05-19T19:53:35.789,binance,gate_cross_up,"USDC_USDT,VANRY_USDT,VANRY_USDC",0.35856443,,,0.8625
2026-05-19T19:53:35.789,binance,gate_cross_up,"VANRY_TRY,USDC_TRY,VANRY_USDC",0.36545257,,,0.0212
2026-05-19T19:53:36.316,binance,gate_cross_down,"USDC_USDT,VANRY_USDT,VANRY_USDC",0.00000000,,,
2026-05-19T19:53:36.316,binance,gate_cross_down,"VANRY_TRY,USDC_TRY,VANRY_USDC",0.00000000,,,
2026-05-19T19:56:34.460,binance,gate_cross_up,"USDT_TRY,FOGO_TRY,FOGO_USDT",0.41221261,,,0.7433
2026-05-19T19:56:34.511,binance,gate_cross_down,"USDT_TRY,FOGO_TRY,FOGO_USDT",0.00000000,,,
2026-05-19T19:58:22.648,binance,gate_cross_up,"USDC_USDT,FOGO_USDT,FOGO_USDC",0.35889490,,,0.1291
2026-05-19T19:58:22.698,binance,gate_cross_down,"USDC_USDT,FOGO_USDT,FOGO_USDC",0.00000000,,,
2026-05-19T19:58:24.195,binance,gate_cross_up,"USDT_TRY,FOGO_TRY,FOGO_USDT",0.32177340,0.32177340,-0.07822660,
2026-05-19T19:58:24.247,binance,gate_cross_down,"USDT_TRY,FOGO_TRY,FOGO_USDT",0.12448378,,,
2026-05-19T19:58:28.225,binance,gate_cross_up,"USDT_TRY,FOGO_TRY,FOGO_USDT",0.39794093,,,0.7432
2026-05-19T19:58:28.276,binance,gate_cross_down,"USDT_TRY,FOGO_TRY,FOGO_USDT",0.20165952,,,
2026-05-19T19:58:28.326,binance,gate_cross_up,"USDT_TRY,FOGO_TRY,FOGO_USDT",0.69236304,,,0.7432
2026-05-19T19:58:28.376,binance,gate_cross_down,"USDT_TRY,FOGO_TRY,FOGO_USDT",0.20165952,,,
2026-05-19T19:58:29.789,binance,gate_cross_up,"USDT_TRY,FOGO_TRY,FOGO_USDT",0.32177340,0.32177340,-0.07822660,
2026-05-19T19:58:29.842,binance,gate_cross_down,"USDT_TRY,FOGO_TRY,FOGO_USDT",0.00000000,,,
2026-05-19T19:58:43.782,binance,gate_cross_up,"USDT_TRY,FOGO_TRY,FOGO_USDT",0.39794093,0.39794093,-0.00205907,
2026-05-19T19:58:44.000,binance,gate_cross_down,"USDT_TRY,FOGO_TRY,FOGO_USDT",0.20165952,,,
2026-05-19T19:58:46.829,binance,gate_cross_up,"USDT_TRY,FOGO_TRY,FOGO_USDT",0.39794093,0.39794093,-0.00205907,
2026-05-19T19:58:46.879,binance,gate_cross_up,"USDC_USDT,FOGO_USDT,FOGO_USDC",0.46676208,0.46676208,0.06676208,
2026-05-19T19:58:47.183,binance,gate_cross_down,"USDT_TRY,FOGO_TRY,FOGO_USDT",0.10351882,,,
2026-05-19T19:58:47.387,binance,gate_cross_up,"USDC_TRY,FOGO_TRY,FOGO_USDC",0.33372184,,,0.5668
2026-05-19T19:58:47.806,binance,gate_cross_down,"USDC_TRY,FOGO_TRY,FOGO_USDC",0.23554795,,,
2026-05-19T19:58:48.213,binance,gate_cross_up,"USDT_TRY,FOGO_TRY,FOGO_USDT",0.39794093,0.39794093,-0.00205907,
2026-05-19T19:58:48.430,binance,gate_cross_down,"USDT_TRY,FOGO_TRY,FOGO_USDT",0.20165952,,,
2026-05-19T19:58:48.636,binance,gate_cross_down,"USDC_USDT,FOGO_USDT,FOGO_USDC",0.00000000,,,
2026-05-19T19:58:48.689,binance,gate_cross_up,"USDC_USDT,FOGO_USDT,FOGO_USDC",0.55626476,0.55626476,0.15626476,
2026-05-19T19:58:48.794,binance,gate_cross_up,"USDT_TRY,FOGO_TRY,FOGO_USDT",0.39794093,0.39794093,-0.00205907,
2026-05-19T19:58:48.897,binance,gate_cross_down,"USDT_TRY,FOGO_TRY,FOGO_USDT",0.29980022,,,
2026-05-19T19:58:49.063,binance,gate_cross_up,"USDT_TRY,FOGO_TRY,FOGO_USDT",0.39794093,,,0.5659
2026-05-19T19:58:49.474,binance,gate_cross_up,"USDC_TRY,FOGO_TRY,FOGO_USDC",0.38162577,,,0.5335
2026-05-19T19:58:49.524,binance,gate_cross_down,"USDC_TRY,FOGO_TRY,FOGO_USDC",0.29239766,,,
2026-05-19T19:58:50.302,binance,gate_cross_down,"USDT_TRY,FOGO_TRY,FOGO_USDT",0.20165952,,,
2026-05-19T19:58:50.709,binance,gate_cross_down,"USDC_USDT,FOGO_USDT,FOGO_USDC",0.00000000,,,
2026-05-19T19:58:50.768,binance,gate_cross_up,"USDC_USDT,FOGO_USDT,FOGO_USDC",0.73527013,0.73527013,0.33527013,
2026-05-19T19:58:50.768,binance,gate_cross_up,"USDC_TRY,FOGO_TRY,FOGO_USDC",0.31582600,0.31582600,-0.08417400,
2026-05-19T19:58:51.991,binance,gate_cross_down,"USDC_USDT,FOGO_USDT,FOGO_USDC",0.00000000,,,
2026-05-19T19:58:51.991,binance,gate_cross_down,"USDC_TRY,FOGO_TRY,FOGO_USDC",0.05592920,,,
2026-05-19T19:58:56.748,binance,gate_cross_up,"USDT_TRY,FOGO_TRY,FOGO_USDT",0.39794093,0.39794093,-0.00205907,
2026-05-19T19:58:56.799,binance,gate_cross_down,"USDT_TRY,FOGO_TRY,FOGO_USDT",0.20165952,,,
2026-05-19T19:58:56.851,binance,gate_cross_up,"USDT_TRY,FOGO_TRY,FOGO_USDT",0.39794093,0.39794093,-0.00205907,
2026-05-19T19:58:57.063,binance,gate_cross_up,"USDC_TRY,FOGO_TRY,FOGO_USDC",0.38162577,,,0.3323
2026-05-19T19:58:57.440,binance,gate_cross_down,"USDC_TRY,FOGO_TRY,FOGO_USDC",0.08896797,,,
2026-05-19T19:58:58.073,binance,gate_cross_down,"USDT_TRY,FOGO_TRY,FOGO_USDT",0.29980022,,,
2026-05-19T19:58:59.174,binance,gate_cross_up,"USDT_TRY,FOGO_TRY,FOGO_USDT",0.59422234,0.59422234,0.19422234,
2026-05-19T19:58:59.957,binance,gate_cross_up,"USDC_TRY,FOGO_TRY,FOGO_USDC",0.38162577,,,0.2358
2026-05-19T19:59:00.007,binance,gate_cross_down,"USDC_TRY,FOGO_TRY,FOGO_USDC",0.18652057,,,
2026-05-19T19:59:00.562,binance,gate_cross_down,"USDT_TRY,FOGO_TRY,FOGO_USDT",0.29980022,,,
2026-05-19T19:59:02.201,binance,gate_cross_up,"USDT_TRY,FOGO_TRY,FOGO_USDT",0.39794093,0.39794093,-0.00205907,
2026-05-19T19:59:02.960,binance,gate_cross_down,"USDT_TRY,FOGO_TRY,FOGO_USDT",0.29980022,,,
2026-05-19T19:59:03.266,binance,gate_cross_up,"USDT_TRY,FOGO_TRY,FOGO_USDT",0.39794093,0.39794093,-0.00205907,
2026-05-19T19:59:03.629,binance,gate_cross_down,"USDT_TRY,FOGO_TRY,FOGO_USDT",0.29980022,,,
2026-05-19T19:59:03.680,binance,gate_cross_up,"USDT_TRY,FOGO_TRY,FOGO_USDT",0.39794093,0.39794093,-0.00205907,
2026-05-19T19:59:03.787,binance,gate_cross_down,"USDT_TRY,FOGO_TRY,FOGO_USDT",0.29980022,,,
2026-05-19T19:59:05.980,binance,gate_cross_up,"USDT_TRY,FOGO_TRY,FOGO_USDT",0.69236304,0.69236304,0.29236304,
2026-05-19T19:59:05.980,binance,gate_cross_up,"USDC_TRY,FOGO_TRY,FOGO_USDC",0.44642857,,,0.3472
2026-05-19T19:59:06.462,binance,gate_cross_down,"USDT_TRY,FOGO_TRY,FOGO_USDT",0.29980022,,,
2026-05-19T19:59:06.462,binance,gate_cross_down,"USDC_TRY,FOGO_TRY,FOGO_USDC",0.05482456,,,
2026-05-19T19:59:07.000,binance,gate_cross_up,"USDT_TRY,FOGO_TRY,FOGO_USDT",0.49608163,0.49608163,0.09608163,
2026-05-19T19:59:07.103,binance,gate_cross_down,"USDT_TRY,FOGO_TRY,FOGO_USDT",0.20165952,,,
2026-05-19T19:59:07.769,binance,gate_cross_up,"USDT_TRY,FOGO_TRY,FOGO_USDT",0.39794093,0.39794093,-0.00205907,
2026-05-19T19:59:08.048,binance,gate_cross_up,"USDC_TRY,FOGO_TRY,FOGO_USDC",0.34852757,,,0.3472
2026-05-19T19:59:08.155,binance,gate_cross_down,"USDC_TRY,FOGO_TRY,FOGO_USDC",0.25062657,,,
2026-05-19T19:59:08.473,binance,gate_cross_up,"USDC_TRY,FOGO_TRY,FOGO_USDC",0.34852757,,,0.3472
2026-05-19T19:59:08.790,binance,gate_cross_down,"USDC_TRY,FOGO_TRY,FOGO_USDC",0.03591533,,,
2026-05-19T19:59:08.898,binance,gate_cross_up,"USDC_TRY,FOGO_TRY,FOGO_USDC",0.34852757,,,0.3472
2026-05-19T19:59:09.276,binance,gate_cross_down,"USDC_TRY,FOGO_TRY,FOGO_USDC",0.13351135,,,
2026-05-19T19:59:10.736,binance,gate_cross_up,"USDC_TRY,FOGO_TRY,FOGO_USDC",0.32040011,0.32040011,-0.07959989,
2026-05-19T19:59:10.837,binance,gate_cross_down,"USDC_TRY,FOGO_TRY,FOGO_USDC",0.22271715,,,
2026-05-19T19:59:10.888,binance,gate_cross_up,"USDC_TRY,FOGO_TRY,FOGO_USDC",0.32040011,0.32040011,-0.07959989,
2026-05-19T19:59:10.992,binance,gate_cross_down,"USDC_TRY,FOGO_TRY,FOGO_USDC",0.14197343,,,
2026-05-19T19:59:11.410,binance,gate_cross_up,"USDC_TRY,FOGO_TRY,FOGO_USDC",0.54011083,,,0.2451
2026-05-19T19:59:11.461,binance,gate_cross_down,"USDC_TRY,FOGO_TRY,FOGO_USDC",0.15042048,,,
2026-05-19T19:59:14.647,binance,gate_cross_down,"USDT_TRY,FOGO_TRY,FOGO_USDT",0.00000000,,,
2026-05-19T19:59:25.559,binance,gate_cross_up,"USDT_TRY,FOGO_TRY,FOGO_USDT",0.39794093,,,0.4078
2026-05-19T19:59:25.609,binance,gate_cross_down,"USDT_TRY,FOGO_TRY,FOGO_USDT",0.20165952,,,
2026-05-19T19:59:34.249,binance,gate_cross_up,"USDT_TRY,FOGO_TRY,FOGO_USDT",0.79050375,,,0.8383
2026-05-19T19:59:34.249,binance,gate_cross_up,"USDC_TRY,FOGO_TRY,FOGO_USDC",0.32040011,,,0.2934
2026-05-19T19:59:34.360,binance,gate_cross_down,"USDC_TRY,FOGO_TRY,FOGO_USDC",0.12503419,,,
2026-05-19T19:59:35.358,binance,gate_cross_up,"USDC_USDT,FOGO_USDT,FOGO_USDC",0.33250805,0.33250805,-0.06749195,
2026-05-19T19:59:37.872,binance,gate_cross_down,"USDC_USDT,FOGO_USDT,FOGO_USDC",0.10875134,,,
2026-05-19T19:59:38.083,binance,gate_cross_up,"USDC_USDT,FOGO_USDT,FOGO_USDC",0.37725939,0.37725939,-0.02274061,
2026-05-19T19:59:39.173,binance,gate_cross_down,"USDC_USDT,FOGO_USDT,FOGO_USDC",0.10875134,,,
2026-05-19T19:59:41.208,binance,gate_cross_up,"USDC_USDT,FOGO_USDT,FOGO_USDC",0.33250805,0.33250805,-0.06749195,
2026-05-19T19:59:42.718,binance,gate_cross_down,"USDC_USDT,FOGO_USDT,FOGO_USDC",0.00000000,,,
2026-05-19T19:59:43.342,binance,gate_cross_up,"USDC_USDT,FOGO_USDT,FOGO_USDC",0.55626476,0.55626476,0.15626476,
2026-05-19T19:59:44.328,binance,gate_cross_down,"USDC_USDT,FOGO_USDT,FOGO_USDC",0.00000000,,,
2026-05-19T19:59:45.129,binance,gate_cross_down,"USDT_TRY,FOGO_TRY,FOGO_USDT",0.20165952,,,
2026-05-19T19:59:47.123,binance,gate_cross_up,"USDT_TRY,FOGO_TRY,FOGO_USDT",0.39794093,,,0.5659
2026-05-19T19:59:47.884,binance,gate_cross_down,"USDT_TRY,FOGO_TRY,FOGO_USDT",0.10351882,,,
2026-05-19T19:59:49.013,binance,gate_cross_up,"USDT_TRY,FOGO_TRY,FOGO_USDT",0.39794093,,,0.5659
2026-05-19T19:59:51.076,binance,gate_cross_down,"USDT_TRY,FOGO_TRY,FOGO_USDT",0.29980022,,,
2026-05-19T19:59:51.622,binance,gate_cross_up,"USDT_TRY,FOGO_TRY,FOGO_USDT",0.39794093,0.39794093,-0.00205907,
2026-05-19T19:59:51.680,binance,gate_cross_down,"USDT_TRY,FOGO_TRY,FOGO_USDT",0.29980022,,,
2026-05-19T19:59:51.832,binance,gate_cross_up,"USDC_USDT,FOGO_USDT,FOGO_USDC",0.55626476,0.55626476,0.15626476,
2026-05-19T19:59:51.832,binance,gate_cross_up,"USDT_TRY,FOGO_TRY,FOGO_USDT",0.98678516,,,0.5659
2026-05-19T19:59:51.882,binance,gate_cross_down,"USDC_USDT,FOGO_USDT,FOGO_USDC",0.19825403,,,
2026-05-19T19:59:54.642,binance,gate_cross_down,"USDT_TRY,FOGO_TRY,FOGO_USDT",0.29980022,,,
2026-05-19T19:59:55.071,binance,gate_cross_up,"USDT_TRY,FOGO_TRY,FOGO_USDT",0.49608163,0.49608163,0.09608163,
2026-05-19T19:59:57.880,binance,gate_cross_up,"USDC_USDT,FOGO_USDT,FOGO_USDC",0.37725939,,,0.1064
2026-05-19T19:59:57.942,binance,gate_cross_down,"USDC_USDT,FOGO_USDT,FOGO_USDC",0.00000000,,,
2026-05-19T19:59:58.228,binance,gate_cross_up,"USDC_TRY,FOGO_TRY,FOGO_USDC",0.32040011,,,0.3480
2026-05-19T19:59:59.091,binance,gate_cross_down,"USDC_TRY,FOGO_TRY,FOGO_USDC",0.00000000,,,
2026-05-19T19:59:59.858,binance,gate_cross_up,"USDC_USDT,FOGO_USDT,FOGO_USDC",0.73527013,0.73527013,0.33527013,
2026-05-19T20:00:06.522,binance,gate_cross_down,"USDC_USDT,FOGO_USDT,FOGO_USDC",0.19825403,,,
2026-05-19T20:00:07.078,binance,gate_cross_down,"USDT_TRY,FOGO_TRY,FOGO_USDT",0.29980022,,,
2026-05-19T20:00:08.028,binance,gate_cross_up,"USDT_TRY,FOGO_TRY,FOGO_USDT",0.49608163,,,0.1637
2026-05-19T20:00:08.134,binance,gate_cross_up,"USDC_TRY,FOGO_TRY,FOGO_USDC",0.38507086,,,0.2199
2026-05-19T20:00:08.258,binance,gate_cross_down,"USDC_TRY,FOGO_TRY,FOGO_USDC",0.00000000,,,
2026-05-19T20:00:08.504,binance,gate_cross_up,"USDC_TRY,FOGO_TRY,FOGO_USDC",0.65504415,,,0.4150
2026-05-19T20:00:08.783,binance,gate_cross_down,"USDC_TRY,FOGO_TRY,FOGO_USDC",0.00000000,,,
2026-05-19T20:00:09.023,binance,gate_cross_up,"USDC_USDT,FOGO_USDT,FOGO_USDC",0.46676208,0.46676208,0.06676208,
2026-05-19T20:00:09.231,binance,gate_cross_up,"USDC_TRY,FOGO_TRY,FOGO_USDC",0.38986355,,,0.0014
2026-05-19T20:00:09.341,binance,gate_cross_down,"USDC_USDT,FOGO_USDT,FOGO_USDC",0.00000000,,,
2026-05-19T20:00:09.392,binance,gate_cross_up,"USDC_USDT,FOGO_USDT,FOGO_USDC",0.64576744,0.64576744,0.24576744,
2026-05-19T20:00:09.445,binance,gate_cross_down,"USDC_USDT,FOGO_USDT,FOGO_USDC",0.00000000,,,
2026-05-19T20:00:09.827,binance,gate_cross_down,"USDC_TRY,FOGO_TRY,FOGO_USDC",0.00000000,,,
2026-05-19T20:00:10.951,binance,gate_cross_up,"USDC_USDT,FOGO_USDT,FOGO_USDC",0.78002147,0.78002147,0.38002147,
2026-05-19T20:00:30.640,binance,gate_cross_down,"USDC_USDT,FOGO_USDT,FOGO_USDC",0.10875134,,,
2026-05-19T20:00:32.189,binance,gate_cross_down,"USDT_TRY,FOGO_TRY,FOGO_USDT",0.20165952,,,
2026-05-19T20:00:34.213,binance,gate_cross_up,"USDT_TRY,FOGO_TRY,FOGO_USDT",0.39794093,,,0.5659
2026-05-19T20:00:36.292,binance,gate_cross_up,"USDC_USDT,FOGO_USDT,FOGO_USDC",0.55626476,0.55626476,0.15626476,
2026-05-19T20:00:36.342,binance,gate_cross_up,"USDC_TRY,FOGO_TRY,FOGO_USDC",0.36176917,,,0.6670
2026-05-19T20:00:38.120,binance,gate_cross_down,"USDC_TRY,FOGO_TRY,FOGO_USDC",0.16726962,,,
2026-05-19T20:00:40.698,binance,gate_cross_up,"USDC_TRY,FOGO_TRY,FOGO_USDC",0.80093234,,,0.1510
2026-05-19T20:00:41.561,binance,gate_cross_down,"USDC_TRY,FOGO_TRY,FOGO_USDC",0.00000000,,,
2026-05-19T20:00:42.936,binance,gate_cross_down,"USDC_USDT,FOGO_USDT,FOGO_USDC",0.00000000,,,
2026-05-19T20:00:45.383,binance,gate_cross_down,"USDT_TRY,FOGO_TRY,FOGO_USDT",0.29980022,,,
2026-05-19T20:01:26.286,binance,gate_cross_up,"USDT_TRY,FOGO_TRY,FOGO_USDT",0.76083330,0.76083330,0.36083330,
2026-05-19T20:01:26.286,binance,gate_cross_up,"USDC_TRY,FOGO_TRY,FOGO_USDC",0.42298302,0.42298302,0.02298302,
2026-05-19T20:01:26.339,binance,gate_cross_down,"USDT_TRY,FOGO_TRY,FOGO_USDT",0.00000000,,,
2026-05-19T20:01:26.339,binance,gate_cross_down,"USDC_TRY,FOGO_TRY,FOGO_USDC",0.00000000,,,
2026-05-19T20:02:15.945,binance,gate_cross_up,"USDT_TRY,FOGO_TRY,FOGO_USDT",0.40315010,,,0.0309
2026-05-19T20:02:16.110,binance,gate_cross_down,"USDT_TRY,FOGO_TRY,FOGO_USDT",0.00000000,,,
2026-05-19T20:03:50.017,binance,gate_cross_up,"USDT_TRY,FOGO_TRY,FOGO_USDT",0.75017167,,,0.7375
2026-05-19T20:03:50.017,binance,gate_cross_up,"USDC_TRY,FOGO_TRY,FOGO_USDC",0.66976395,0.66976395,0.26976395,
2026-05-19T20:03:50.068,binance,gate_cross_down,"USDT_TRY,FOGO_TRY,FOGO_USDT",0.00000000,,,
2026-05-19T20:03:50.068,binance,gate_cross_down,"USDC_TRY,FOGO_TRY,FOGO_USDC",0.00000000,,,
2026-05-19T20:04:08.094,binance,gate_cross_up,"USDC_TRY,FOGO_TRY,FOGO_USDC",0.53443067,,,0.7675
2026-05-19T20:04:08.145,binance,gate_cross_down,"USDC_TRY,FOGO_TRY,FOGO_USDC",0.00000000,,,
2026-05-19T20:04:10.964,binance,gate_cross_up,"USDC_USDT,FOGO_USDT,FOGO_USDC",0.31068069,,,0.0040
2026-05-19T20:04:11.066,binance,gate_cross_down,"USDC_USDT,FOGO_USDT,FOGO_USDC",0.00000000,,,
2026-05-19T20:06:27.383,binance,gate_cross_up,"USDC_USDT,FOGO_USDT,FOGO_USDC",0.42554710,,,0.0811
2026-05-19T20:06:27.435,binance,gate_cross_down,"USDC_USDT,FOGO_USDT,FOGO_USDC",0.00000000,,,
2026-05-19T20:20:09.646,binance,gate_cross_up,"USDC_USDT,FOGO_USDT,FOGO_USDC",0.31990116,,,0.7263
2026-05-19T20:20:09.697,binance,gate_cross_down,"USDC_USDT,FOGO_USDT,FOGO_USDC",0.00000000,,,
2026-05-19T20:21:38.617,binance,gate_cross_up,"USDT_TRY,FOGO_TRY,FOGO_USDT",0.38035791,,,0.4722
2026-05-19T20:21:38.617,binance,gate_cross_up,"USDC_TRY,FOGO_TRY,FOGO_USDC",0.50587959,,,0.0974
2026-05-19T20:21:38.667,binance,gate_cross_down,"USDT_TRY,FOGO_TRY,FOGO_USDT",0.00000000,,,
2026-05-19T20:21:38.667,binance,gate_cross_down,"USDC_TRY,FOGO_TRY,FOGO_USDC",0.00000000,,,
